search,category
climate hurricane,weather
"""sea level rise""",oceans
climate impact,general
climate ecosystem,environment
ocean acidification,oceans
climate result,general
climate forest,environment
climate adaptation,environment
climate health,humans
climate adapt,environment
climate damage,environment
"climate ""extreme weather""",weather
climate wildlife,environment
"climate ""sea level""",oceans
climate coast,oceans
climate drought,oceans
climate cities,humans
climate storm,weather
climate infrastructure,humans
climate flood,weather
climate agriculture,humans
climate food,humans
"""climate change"" water",oceans
